Iteration ,Eigenvalue, Calculation Time
0,17.5280677296,24.391208
1,-103.104969807,50.688921
2,-108.970136244,77.925843
3,-108.978872982,104.346673
4,-108.991539141,131.617799
