Iteration ,Eigenvalue, Calculation Time
0,27.4914251059,24.509285
1,-105.033660828,49.446902
2,-108.506421985,76.551115
3,-108.530274036,102.726141
4,-108.531268914,124.276488
