Iteration ,Eigenvalue, Calculation Time
0,17.4763137575,24.311131
1,-105.597707579,48.334327
2,-109.006310249,71.410519
3,-109.006381134,92.739129
4,-109.006598819,114.746902
