Iteration ,Eigenvalue, Calculation Time
0,23.4568069111,24.982975
1,-107.031653581,50.109325
2,-108.841611159,76.798817
3,-108.842381325,103.622927
4,-108.842997907,131.201906
