Iteration ,Eigenvalue, Calculation Time
0,4.91857589366,24.294934
1,-102.136997794,50.510054
2,-108.58243818,77.755541
3,-108.710647389,104.478828
4,-108.718566767,131.302195
