Iteration ,Eigenvalue, Calculation Time
0,4.47965928498,24.858123
1,-102.306480131,51.37724
2,-108.537049566,78.331371
3,-108.655646432,105.543966
4,-108.739743028,132.63353
