Iteration ,Eigenvalue, Calculation Time
0,-109.068563848,114.442815
1,-109.102869783,397.294901
2,-109.154946825,1285.819088
