Iteration ,Eigenvalue, Calculation Time
0,4.77712587684,24.253647
1,-102.16651358,49.642786
2,-108.536448015,71.423782
3,-108.666899534,95.090286
4,-108.669405942,120.128172
