Iteration ,Eigenvalue, Calculation Time
0,5.24701744605,24.630823
1,-102.286243589,51.129825
2,-108.546646305,78.192974
3,-108.669876995,105.816661
4,-108.723897394,133.430549
