Iteration ,Eigenvalue, Calculation Time
0,10.5559340384,24.479704
1,-105.797233363,50.381503
2,-108.722091074,75.658957
3,-108.733384706,100.512543
4,-108.735970373,123.539902
