Iteration ,Eigenvalue, Calculation Time
0,10.1955519705,24.364284
1,-104.016242548,49.950286
2,-108.675087716,76.582125
3,-108.70117505,103.243761
4,-108.708433687,127.734358
