Iteration ,Eigenvalue, Calculation Time
0,15.2716065201,24.45573
1,-105.736277288,48.912009
2,-108.955337653,73.500555
3,-108.971880244,95.914842
4,-108.974186747,119.175682
