Iteration ,Eigenvalue, Calculation Time
0,11.5388180101,24.390587
1,-105.758618197,50.509868
2,-108.912660432,77.185922
3,-108.916081098,103.299372
4,-108.919616667,128.864345
