Iteration ,Eigenvalue, Calculation Time
0,4.22564816778,24.387827
1,-104.452511171,50.593673
2,-108.584725164,77.478104
3,-108.723322899,104.071883
4,-108.746248566,131.231826
