Iteration ,Eigenvalue, Calculation Time
0,16.2163468029,74.602677
1,-105.478103677,141.414357
2,-108.994733159,212.953461
3,-109.032826647,290.381263
4,-109.036410806,355.287581
