Iteration ,Eigenvalue, Calculation Time
0,8.13244948343,24.493759
1,-101.927754772,50.309998
2,-108.63559555,77.368403
3,-108.678603446,104.131744
4,-108.687238272,131.619077
