Iteration ,Eigenvalue, Calculation Time
0,4.88478752405,24.348604
1,-104.407280926,50.545397
2,-108.667826488,76.679428
3,-108.743248854,101.54547
4,-108.743505679,125.451755
