Iteration ,Eigenvalue, Calculation Time
0,9.39291696046,24.499809
1,-103.944912771,50.54365
2,-108.643368965,77.908932
3,-108.699504124,104.103378
4,-108.700101048,130.288861
