Iteration ,Eigenvalue, Calculation Time
0,25.4265789405,24.301969
1,-107.019710417,45.81268
2,-108.707917676,65.369845
3,-108.718421505,88.552872
4,-108.720131132,111.966898
