Iteration ,Eigenvalue, Calculation Time
0,10.783685996,24.279681
1,-103.756442481,50.19954
2,-108.845627228,77.373069
3,-108.878556243,104.184309
4,-108.887254888,128.431676
