Iteration ,Eigenvalue, Calculation Time
0,19.0268549225,24.339199
1,-103.042089372,49.815431
2,-108.927261096,73.520306
3,-108.941148649,97.810699
4,-108.945090902,121.876489
