Iteration ,Eigenvalue, Calculation Time
0,14.5791520002,24.418556
1,-107.124812263,50.33701
2,-108.921971659,77.505927
3,-108.939943134,104.810814
4,-108.946309667,131.103484
