Iteration ,Eigenvalue, Calculation Time
0,6.8412114689,24.477533
1,-102.0123888,50.387804
2,-108.610863965,76.993164
3,-108.664603237,103.412878
4,-108.666249467,128.678028
