Iteration ,Eigenvalue, Calculation Time
0,6.91442680992,24.393113
1,-104.031917078,50.757144
2,-108.519500038,77.725588
3,-108.664611116,104.630447
4,-108.666714361,131.615883
