Iteration ,Eigenvalue, Calculation Time
0,13.1379925358,24.426996
1,-105.812546766,49.167998
2,-108.818250697,74.712263
3,-108.848715354,98.846538
4,-108.850643451,119.527913
