Iteration ,Eigenvalue, Calculation Time
0,6.48212599793,24.618635
1,-104.160698087,50.711136
2,-108.589157352,77.893032
3,-108.656194558,105.05597
4,-108.657247433,132.174305
