Iteration ,Eigenvalue, Calculation Time
0,4.94803471378,24.579296
1,-104.340815464,50.973209
2,-108.662559237,77.41903
3,-108.740657666,104.268411
4,-108.741439044,131.154683
