Iteration ,Eigenvalue, Calculation Time
0,6.96732021028,24.406554
1,-101.951421465,50.869343
2,-108.623306477,78.227907
3,-108.676352463,105.561181
4,-108.682757617,132.983619
