Iteration ,Eigenvalue, Calculation Time
0,5.903141256,24.394775
1,-104.091967669,50.674341
2,-108.571609318,77.402373
3,-108.66446633,104.429409
4,-108.69981972,131.456117
