Iteration ,Eigenvalue, Calculation Time
0,15.157909191,77.580843
1,-105.622460169,120.95114
2,-109.00498738,174.162492
3,-109.00695121,215.557227
4,-109.007985214,251.077533
