Iteration ,Eigenvalue, Calculation Time
0,6.166189953,24.797587
1,-103.989841802,51.392478
2,-108.578933024,78.81939
3,-108.658856015,105.973212
4,-108.700090994,133.08053
