Iteration ,Eigenvalue, Calculation Time
0,13.5451116404,24.257531
1,-102.996130702,50.192293
2,-108.985933487,76.909582
3,-108.990746445,102.84071
4,-108.991278106,124.45298
