Iteration ,Eigenvalue, Calculation Time
0,4.43058566388,24.504909
1,-104.441289686,50.980706
2,-108.669102959,77.987264
3,-108.748176244,105.203152
4,-108.748616138,132.202662
