Iteration ,Eigenvalue, Calculation Time
0,10.0403031173,24.293121
1,-103.898541441,50.401975
2,-108.677716554,77.435151
3,-108.723120837,104.669107
4,-108.756444092,131.628138
