Iteration ,Eigenvalue, Calculation Time
0,8.78086595149,24.521761
1,-104.058244239,50.719327
2,-108.643268606,77.886562
3,-108.69028316,105.026822
4,-108.697929206,131.931657
