Iteration ,Eigenvalue, Calculation Time
0,9.46652763169,24.496095
1,-105.750237017,50.961588
2,-108.761034993,77.553012
3,-108.778319585,103.927386
4,-108.785989246,129.844925
