Iteration ,Eigenvalue, Calculation Time
0,11.2431807447,24.260992
1,-105.777591877,49.836999
2,-108.776751287,75.899953
3,-108.810122262,101.944369
4,-108.814303318,128.236425
