Iteration ,Eigenvalue, Calculation Time
0,-65.1089650112,0.582405
1,-74.5090714819,1.309037
2,-75.7423327113,2.103105
3,-76.065058861,2.873955
4,-76.0698128485,3.659336
