Iteration ,Eigenvalue, Projected Residual,Calculation Time,Step Size
0,-109.061575775,0.00058082027222,62.585688,35.7324447076
1,-109.068486212,0.0031670714143,166.792523,14.0495931107
2,-109.075488544,0.00508305205751,359.541473,3.5
3,-109.089635731,0.00788875363219,1086.808014,3.5
