Iteration ,Eigenvalue, Projected Residual,Calculation Time,Step Size
0,-109.03674986,0.000382600489865,43.757773,33.2860667306
1,-109.041952255,0.00315429886038,128.72683,14.8462901298
2,-109.048215224,0.00550085455372,279.879022,3.5
3,-109.068870726,0.0105100315399,829.051865,3.5
