Iteration ,Eigenvalue, Projected Residual,Calculation Time,Step Size
0,-76.0748317586,0.0576863502773,0.910675,0.309219317101
1,-76.0804005779,0.321430741817,3.429152,0.107966455073
2,-76.0853021424,0.494333447328,10.438397,0.0403571961031
3,-76.1006691152,0.807034403734,35.090327,0.0474387889424
4,-76.1213502852,1.08329812189,138.042165,0.0356297337244
5,-76.1491619483,1.18271912079,583.957278,0.0403982448763
6,-76.174803483,1.30354724366,2282.871533,0.0308260190458
